Question,Answer
What is your website about?,"Our website offers sentiment analysis for YouTube video comments and Amazon product reviews. Additionally, we provide a FAQ chatbot, video transcript summaries, and product description summaries to help users understand and analyze content more effectively."
How does the sentiment analysis work?,"We use NLP algorithms to evaluate YouTube video comments and Amazon product reviews, categorizing sentiments as positive, negative, or neutral to offer insights into users' feelings and opinions."
What are trending topics?,"Trending topics display popular keywords or phrases related to the videos or products analyzed on our platform. This feature helps users quickly identify current interests and sentiments within the community."
Can I save my favorite videos or products?,"Yes, registered users can create an account and save their favorite videos, products, or summaries in their personalized dashboard for easy access and tracking."
How can I compare sentiments across different videos or products?,"Our comparison tool allows users to view and compare sentiment analysis results across multiple videos or products. This feature helps users make informed decisions based on community feedback and sentiments."
Does your website support multiple languages?,"Currently we only support English but in further advanced versions we can support other languages also."
What kind of visualizations do you provide?,"We offer interactive visualizations such as graphs, charts and tables to visually represent sentiment analysis results. These visual tools make the data more engaging and easier to understand for users."
How can I provide feedback or suggestions for improvement?,"We welcome user feedback and suggestions! You can use our feedback mechanism to share your opinions and ideas for enhancing our website's features and functionality."
Is there a mobile app available for your website?,"While we don't have a standalone app currently, our website is optimized for mobile usage, ensuring a seamless experience on smartphones and tablets on desktop mode."
How do I contact customer support?,"For any inquiries or assistance, please reach out to our customer support team through the Feedback Form or contact information provided on our website. We're here to help!"
How does the user dashboard work?,"The user dashboard allows registered users to save their favorite videos, products, or summaries, track sentiment analysis over time, and manage their account settings."
How is sentiment determined in your analysis?,"We use NLP algorithms to evaluate YouTube video comments and Amazon product reviews, categorizing sentiments as positive, negative, or neutral to offer insights into users' feelings and opinions."
Does your platform accommodate various languages?,"Currently we only support English but in further advanced versions we can support other languages also."
What types of data visualization do you employ?,"We offer interactive visualizations such as graphs, charts and tables to visually represent sentiment analysis results. These visual tools make the data more engaging and easier to understand for users."
How can I offer suggestions for enhancing your services?,"We welcome user feedback and suggestions! You can use our feedback mechanism to share your opinions and ideas for enhancing our website's features and functionality."
Is there a dedicated app for your services?,"While we don't have a standalone app currently, our website is optimized for mobile usage, ensuring a seamless experience on smartphones and tablets."
How can I reach out for support?,"We welcome user feedback and suggestions! You can use our feedback mechanism to share your opinions and ideas for enhancing our website's features and functionality."
I want to get sentiment analysis for a video. Provide me step by step instructions.,"There is a dedicated sidebar with Add Project option you navigate to that for getting you sentiment analysis done."
Where can I find the text summarization feature?,"We currently don't offer any dedicated text summarization but just instead small overview summary along with analysis of Projects."
Can I use this site to analyze comments from any platform? ,"Currently we only support Youtube, Amazon and Linkedin comments analysis but in future we will surely support many other websites also."
I am having trouble navigating the site . Can you help?,"There is a dedicated sidebar with Add Project option you navigate to that for getting you sentiment analysis done."
How accurate is the sentiment analysis on this site?,"Our sentiment analysis uses advanced ML algorithms and has a high accuracy rate. However, like all ML systems, it is not absolutely perfect and the accuracy can vary depending on the complexity and context of the text but performs well on considerable amount of data."
How long does it take to get the results from the text summarization?,"The time it takes to get the results can vary depending on the length and complexity of the text. However, our system is designed to provide results as quickly as possible."
I'm getting an error message when I try to analyze a comment. What should I do?,"If you are getting an error message, please make sure that link used is a valid link of Youtube,Amazon or Linkedin. If the problem persists, please contact our support team for assistance."
Does this site support multi platform?,"Currently we only support Youtube, Amazon and Linkedin comments analysis but in future we will surely support many other websites also."
What is the purpose of this site?,"Our website offers sentiment analysis for YouTube video comments and Amazon product reviews. Additionally, we provide a FAQ chatbot, video transcript summaries, and product description summaries to help users understand and analyze content more effectively."
What is the purpose aim of this website?,"Our website offers sentiment analysis for YouTube video comments and Amazon product reviews. Additionally, we provide a FAQ chatbot, video transcript summaries, and product description summaries to help users understand and analyze content more effectively."
Customer care or help support?,"For any inquiries or assistance, please reach out to our customer support team through the Feedback Form or contact information provided on our website. We're here to help!"
Multi platform ?,"Currently we only support Youtube, Amazon and Linkedin comments analysis but in future we will surely support many other websites also."
What is community page?,"Multi users can post their doubts amazing thoughts and have discussions on this community page."
What does the community page do?,"Multi users can post their doubts amazing thoughts and have discussions on this community page."